{"fomc_doc": {"meeting_date": "1995-12-19", "paragraphs": ["For immediate release", "Chairman Alan Greenspan announced today that the Federal Open Market Committee decided to decrease slightly the degree of pressure on reserve positions.", "    Since the last easing of monetary policy in July, inflation has been somewhat more favorable than anticipated, and this result along with an associated moderation in inflation expectations warrants a modest easing in monetary conditions. ", " This action is expected to be reflected in a decline in the federal funds rate of 25 basis points, from about 5 3/4 percent to about 5 1/2 percent. "], "doc_type": "St"}, "entity_sentiments": {"easing": {"score": 0.10000000149011612, "magnitude": 0.10000000149011612, "salience": 0.027484795078635216}, "monetary policy": {"score": 0.10000000149011612, "magnitude": 0.10000000149011612, "salience": 0.026007622480392456}, "moderation": {"score": 0.10000000149011612, "magnitude": 0.10000000149011612, "salience": 0.024175910279154778}, "basis points": {"score": -0.10000000149011612, "magnitude": 0.10000000149011612, "salience": 0.01817251555621624}, "funds rate": {"score": -0.10000000149011612, "magnitude": 0.10000000149011612, "salience": 0.01817251555621624}, "action": {"score": -0.10000000149011612, "magnitude": 0.10000000149011612, "salience": 0.0106069790199399}, "decline": {"score": -0.10000000149011612, "magnitude": 0.10000000149011612, "salience": 0.007999931462109089}}, "paragraph_count": 4, "word_count": 89, "n_gram_count": {"1": 89, "2": 88, "3": 87}, "pos_tags_count": {"noun_count": 18, "verb_count": 2, "adjective_count": 8}, "change_in_vix": null, "change_in_s_n_p_500": null}