{"fomc_doc": {"meeting_date": "1997-03-25", "paragraphs": ["\tThis action was taken in light of persisting strength in demand, which is progressively increasing the risk of inflationary imbalances developing in the economy that would eventually undermine the long expansion.\r\n", "\tIn these circumstances, the slight firming of monetary conditions is viewed as a prudent step that affords greater assurance of prolonging the current economic expansion by sustaining the existing low inflation environment through the rest of this year and next.  The experience of the last several years has reinforced the conviction that low inflation is essential to realizing the economy's fullest growth potential.  \r\n", "\tNo change was made in the Federal Reserve discount rate, which remains at 5 percent.\r\n\r\n\r\n\r\n", "\n1997 Monetary policy\n"], "doc_type": "St"}, "entity_sentiments": {"strength": {"score": -0.10000000149011612, "magnitude": 0.20000000298023224, "salience": 0.32784515619277954}, "light": {"score": -0.10000000149011612, "magnitude": 0.10000000149011612, "salience": 0.09844616055488586}, "demand": {"score": -0.10000000149011612, "magnitude": 0.10000000149011612, "salience": 0.09844616055488586}, "imbalances": {"score": -0.10000000149011612, "magnitude": 0.10000000149011612, "salience": 0.03859078884124756}, "growth potential": {"score": 0.20000000298023224, "magnitude": 0.20000000298023224, "salience": 0.008837749250233173}, "inflation": {"score": 0.20000000298023224, "magnitude": 0.20000000298023224, "salience": 0.005314441863447428}, "conviction": {"score": 0.10000000149011612, "magnitude": 0.10000000149011612, "salience": 0.003883128520101309}, "experience": {"score": 0.10000000149011612, "magnitude": 0.10000000149011612, "salience": 0.003883128520101309}}, "paragraph_count": 4, "word_count": 112, "n_gram_count": {"1": 112, "2": 111, "3": 110}, "pos_tags_count": {"noun_count": 26, "verb_count": 1, "adjective_count": 14}, "change_in_vix": null, "change_in_s_n_p_500": null}