{"fomc_doc": {"meeting_date": "2001-11-06", "paragraphs": ["\nFor immediate release\n", "\r\nThe Federal Open Market Committee decided today to lower its target for the federal funds rate by 50 basis points to 2 percent. In a related action, the Board of Governors approved a 50 basis point reduction in the discount rate to 1-1/2 percent.\r\n", "\r\nHeightened uncertainty and concerns about a deterioration in business conditions both here and abroad are damping economic activity. For the foreseeable future, then, the Committee continues to believe that, against the background of its long-run goals of price stability and sustainable economic growth and of the information currently available, the risks are weighted mainly toward conditions that may generate economic weakness. \r\n", "\r\nAlthough the necessary reallocation of resources to enhance security may restrain advances in productivity for a time, the long-term prospects for productivity growth and the economy remain favorable and should become evident once the unusual forces restraining demand abate.\r\n", "\r\n\tIn taking the discount rate action, the Federal Reserve Board approved the request submitted by the Board of Directors of the Federal Reserve Bank of Richmond.\r\n", "\n\n2001 Monetary policy\n"], "doc_type": "St"}, "entity_sentiments": {"concerns": {"score": -0.10000000149011612, "magnitude": 0.10000000149011612, "salience": 0.010819904506206512}, "deterioration": {"score": -0.20000000298023224, "magnitude": 0.20000000298023224, "salience": 0.010819904506206512}, "productivity growth": {"score": 0.30000001192092896, "magnitude": 0.30000001192092896, "salience": 0.008574055507779121}, "economy": {"score": 0.30000001192092896, "magnitude": 0.30000001192092896, "salience": 0.007533433381468058}, "forces": {"score": 0.10000000149011612, "magnitude": 0.10000000149011612, "salience": 0.007533433381468058}, "demand": {"score": 0.10000000149011612, "magnitude": 0.10000000149011612, "salience": 0.0057497452944517136}, "prospects": {"score": 0.20000000298023224, "magnitude": 0.20000000298023224, "salience": 0.004075534176081419}, "productivity": {"score": 0.10000000149011612, "magnitude": 0.10000000149011612, "salience": 0.003764415392652154}, "resources": {"score": 0.10000000149011612, "magnitude": 0.10000000149011612, "salience": 0.003306663827970624}, "reallocation": {"score": 0.10000000149011612, "magnitude": 0.10000000149011612, "salience": 0.003306663827970624}, "security": {"score": 0.20000000298023224, "magnitude": 0.20000000298023224, "salience": 0.003306663827970624}, "advances": {"score": 0.10000000149011612, "magnitude": 0.10000000149011612, "salience": 0.002522609895095229}}, "paragraph_count": 6, "word_count": 176, "n_gram_count": {"1": 176, "2": 175, "3": 174}, "pos_tags_count": {"noun_count": 38, "verb_count": 6, "adjective_count": 16}, "change_in_vix": null, "change_in_s_n_p_500": null}