{"fomc_doc": {"meeting_date": "2002-01-30", "paragraphs": ["\nFor immediate release\n", "\r\nThe Federal Open Market Committee decided today to keep its target for the federal funds rate unchanged at 1-3/4 percent.\r\n", "\r\nSigns that weakness in demand is abating and economic activity is beginning to firm have become more prevalent.  With the forces restraining the economy starting to diminish, and with the long-term prospects for productivity growth remaining favorable and monetary policy accommodative, the outlook for economic recovery has become more promising.\r\n", "\r\nThe degree of any strength in business capital and household spending, however, is still uncertain.  Hence, the Committee continues to believe that, against the background of its long-run goals of price stability and sustainable economic growth and of the information currently available, the risks are weighted mainly toward conditions that may generate economic weakness in the foreseeable future.\r\n\r\n\n", "\n2002 Monetary policy\n"], "doc_type": "St"}, "entity_sentiments": {"Signs": {"score": -0.10000000149011612, "magnitude": 0.10000000149011612, "salience": 0.018626894801855087}, "demand": {"score": -0.10000000149011612, "magnitude": 0.10000000149011612, "salience": 0.018626894801855087}, "activity": {"score": -0.20000000298023224, "magnitude": 0.20000000298023224, "salience": 0.018626894801855087}, "policy": {"score": 0.20000000298023224, "magnitude": 0.20000000298023224, "salience": 0.014435864984989166}, "productivity growth": {"score": 0.20000000298023224, "magnitude": 0.20000000298023224, "salience": 0.014435864984989166}, "degree": {"score": -0.20000000298023224, "magnitude": 0.20000000298023224, "salience": 0.013944773934781551}, "outlook": {"score": 0.20000000298023224, "magnitude": 0.20000000298023224, "salience": 0.012688979506492615}, "prospects": {"score": 0.20000000298023224, "magnitude": 0.20000000298023224, "salience": 0.012688979506492615}, "firm": {"score": -0.10000000149011612, "magnitude": 0.10000000149011612, "salience": 0.012596972286701202}, "recovery": {"score": 0.20000000298023224, "magnitude": 0.20000000298023224, "salience": 0.011646781116724014}, "strength": {"score": -0.20000000298023224, "magnitude": 0.20000000298023224, "salience": 0.011605819687247276}, "business capital": {"score": -0.20000000298023224, "magnitude": 0.20000000298023224, "salience": 0.011605819687247276}, "household spending": {"score": -0.10000000149011612, "magnitude": 0.10000000149011612, "salience": 0.011605819687247276}}, "paragraph_count": 5, "word_count": 134, "n_gram_count": {"1": 134, "2": 133, "3": 132}, "pos_tags_count": {"noun_count": 29, "verb_count": 6, "adjective_count": 19}, "change_in_vix": null, "change_in_s_n_p_500": null}