{"fomc_doc": {"meeting_date": "2007-08-10", "paragraphs": ["The Federal Reserve is providing liquidity to facilitate the orderly functioning of financial markets.", "The Federal Reserve will provide reserves as necessary through open market operations to promote trading in the federal funds market at rates close to the Federal Open Market Committee's target rate of 5-1/4 percent. In current circumstances, depository institutions may experience unusual funding needs because of dislocations in money and credit markets. As always, the discount window is available as a source of funding."], "doc_type": "St"}, "entity_sentiments": {"functioning": {"score": 0.10000000149011612, "magnitude": 0.10000000149011612, "salience": 0.19560649991035461}, "Federal Reserve": {"score": 0.10000000149011612, "magnitude": 0.20000000298023224, "salience": 0.18941615521907806}, "liquidity": {"score": 0.10000000149011612, "magnitude": 0.10000000149011612, "salience": 0.15191808342933655}, "funding": {"score": 0.20000000298023224, "magnitude": 0.20000000298023224, "salience": 0.015573820099234581}, "discount window": {"score": 0.30000001192092896, "magnitude": 0.30000001192092896, "salience": 0.015008093789219856}, "source": {"score": 0.10000000149011612, "magnitude": 0.10000000149011612, "salience": 0.012488448061048985}}, "paragraph_count": 2, "word_count": 78, "n_gram_count": {"1": 78, "2": 77, "3": 76}, "pos_tags_count": {"noun_count": 16, "verb_count": 4, "adjective_count": 9}, "change_in_vix": null, "change_in_s_n_p_500": 0.22113191901044957}